workload,iter,pod_ip,running,first_200,ready
wasm,1,582.1,582.1,585.8,1469.8
wasm,2,595.9,595.9,599.4,807.7
wasm,3,584.6,584.6,586.3,960.9
wasm,4,575.3,575.3,579.1,846.3
wasm,5,598.2,598.2,601.8,1000.4
wasm,6,568.6,568.6,572.6,879.9
wasm,7,581.8,581.8,584.6,1379.0
wasm,8,560.0,560.0,562.7,918.5
wasm,9,581.8,581.8,584.3,1382.2
wasm,10,550.5,550.5,554.2,960.0
container,1,931.1,931.1,932.1,943.3
container,2,587.7,587.7,588.6,597.8
container,3,578.3,578.3,579.4,589.2
container,4,576.5,576.5,577.2,591.8
container,5,581.6,581.6,582.5,592.4
container,6,709.6,709.6,710.6,720.5
container,7,570.5,570.5,571.3,581.9
container,8,546.9,546.9,547.9,556.4
container,9,574.7,574.7,575.7,585.7
container,10,566.5,566.5,567.4,578.9
